{"cameraMode":{"drawMode":0,"name":"Shaded","section":"Shading Mode"},"sceneLighting":true,"audioPlay":false,"sceneViewState":{"showFog":false,"showMaterialUpdate":false,"showSkybox":false,"showFlares":false,"showImageEffects":false,"showParticleSystems":false},"in2DMode":false,"pivot":{"x":3.6067569255828859,"y":-1.804884672164917,"z":1.5971620082855225},"rotation":{"x":0.18276473879814149,"y":-0.10213980823755264,"z":0.019094418734312059,"w":0.9776502251625061},"size":5.429435729980469,"orthographic":false}